--
-- Dumping data for table `bank`
--

INSERT INTO `bank` (`Bank_ID`, `Bank_NAME`, `Bank_Address`, `Bank_Phone_Number`) VALUES
(6, 'Waldon', '71319 Boyd Park', '057-497-7157'),
(55, 'Gifford', '23540 Jana Lane', '054-494-3667'),
(57, 'Francene', '914 Shasta Crossing', '051-064-0624'),
(62, 'Corney', '4 Coolidge Road', '058-808-0187'),
(65, 'Aurlie', '6039 Bobwhite Plaza', '054-734-6514'),
(148, 'Lorry', '73 Packers Avenue', '056-789-9893'),
(168, 'Latrena', '4847 Sutherland Way', '054-929-3557'),
(171, 'Clyde', '49391 Dawn Parkway', '051-643-9620'),
(176, 'Clarissa', '9 Sauthoff Crossing', '053-397-5809'),
(232, 'Michael', '9757 Goodland Junction', '051-173-6340'),
(242, 'Shaine', '8294 Talmadge Terrace', '051-905-7118'),
(254, 'Gaby', '8 Lindbergh Point', '050-481-4259'),
(265, 'Donielle', '18 Cambridge Point', '059-634-5614'),
(270, 'Kimball', '46731 Alpine Pass', '056-439-0739'),
(271, 'Izaak', '4409 Barnett Court', '050-291-2104'),
(291, 'Yetta', '7 Porter Lane', '059-034-5344'),
(417, 'Harmonie', '801 Wayridge Alley', '052-961-8407'),
(421, 'Aurlie', '90 Evergreen Place', '051-623-3095'),
(467, 'Bert', '5142 Sheridan Drive', '055-409-4720'),
(499, 'Dena', '5464 Pond Parkway', '051-807-9602'),
(516, 'Frank', '027 Stuart Avenue', '054-896-3887'),
(523, 'Carolus', '211 Melrose Street', '050-245-0913'),
(568, 'Josephine', '404 Garrison Drive', '055-301-8062'),
(618, 'Ellyn', '95852 Gale Place', '057-170-6455'),
(697, 'Rosalie', '69776 Trailsway Way', '056-929-6827'),
(719, 'Nickie', '43 La Follette Point', '052-545-0053'),
(741, 'Cal', '5483 Manitowish Parkway', '055-744-1218'),
(743, 'Dell', '47 Meadow Valley Drive', '056-386-5663'),
(748, 'Alexei', '7888 Menomonie Trail', '059-696-5828'),
(754, 'Tressa', '921 Bellgrove Crossing', '054-377-5583'),
(757, 'Chadd', '9592 Sycamore Parkway', '058-024-0137'),
(764, 'Melodee', '779 American Ash Drive', '053-139-4321'),
(791, 'Conway', '0103 Veith Road', '053-078-8888'),
(793, 'Augusta', '59 Sunfield Pass', '052-199-3098'),
(794, 'Dody', '77 Ruskin Plaza', '057-975-5804'),
(809, 'Hope', '3 Farmco Way', '051-684-3527'),
(815, 'Lorant', '42427 Rusk Court', '055-560-7062'),
(859, 'Libbi', '3829 Nevada Street', '054-538-5207'),
(877, 'Raymond', '3721 Manufacturers Terrace', '058-971-4694'),
(907, 'Emery', '40 Arrowood Junction', '051-437-1663'),
(925, 'Viviana', '21 School Alley', '056-024-0830'),
(934, 'Cathrine', '2 Division Street', '052-804-4035'),
(1043, 'Adler', '6435 Beilfuss Hill', '056-631-9051'),
(1070, 'Annalise', '257 Grover Center', '052-763-5364'),
(1085, 'Beitris', '934 Mcguire Crossing', '056-185-4646'),
(1093, 'Artie', '87 7th Street', '051-114-1450'),
(1115, 'Leupold', '3 Northridge Point', '057-450-5657'),
(1122, 'Chane', '4 East Way', '051-862-4594'),
(1158, 'Linn', '9 Vidon Drive', '059-198-9053'),
(1188, 'Braden', '4447 Sachtjen Hill', '058-784-9806'),
(1190, 'Catharine', '9 American Trail', '057-022-2451'),
(1237, 'Avivah', '61 Corry Terrace', '055-255-3263'),
(1299, 'Sande', '9 Barby Way', '050-194-0010'),
(1317, 'Hillyer', '11223 Sunbrook Street', '058-798-3576'),
(1319, 'Ileane', '614 Victoria Crossing', '059-062-4495'),
(1321, 'Karil', '2160 Muir Trail', '053-395-6515'),
(1328, 'Eula', '6 Jenifer Street', '050-727-9710'),
(1337, 'Teri', '9 Bultman Plaza', '058-790-2966'),
(1363, 'Chlo', '6 Reindahl Junction', '052-805-0336'),
(1372, 'Bernardine', '328 Chive Lane', '054-411-3947'),
(1377, 'Zolly', '6250 Scoville Alley', '051-571-9265'),
(1396, 'Yolane', '185 Huxley Terrace', '057-999-7567'),
(1441, 'Vonni', '787 Bunting Circle', '053-011-6579'),
(1457, 'Damiano', '34 Reindahl Court', '054-416-1695'),
(1485, 'Seward', '94278 Rusk Point', '057-505-7964'),
(1513, 'Agnola', '468 Miller Point', '053-411-0053'),
(1519, 'Ortensia', '5987 Ridge Oak Point', '058-707-3684'),
(1530, 'Sandy', '584 Mallory Court', '050-944-2014'),
(1587, 'Iain', '6418 Bluejay Street', '058-999-0110'),
(1621, 'Midge', '1634 Kenwood Avenue', '051-187-1564'),
(1622, 'Leslie', '9630 Heath Street', '050-422-9864'),
(1646, 'Morgen', '7044 Valley Edge Place', '054-152-9285'),
(1658, 'Corrine', '82 Lake View Place', '053-352-0552'),
(1669, 'Gallard', '0273 Lakewood Drive', '057-414-5548'),
(1713, 'Emeline', '707 Scott Crossing', '059-888-1031'),
(1715, 'Clementius', '0 Norway Maple Way', '056-192-4807'),
(1721, 'Haze', '0 Hagan Place', '051-220-1132'),
(1772, 'Kim', '9 Colorado Place', '053-283-1045'),
(1789, 'Marius', '46700 6th Court', '056-672-8877'),
(1808, 'Jayme', '563 Maple Plaza', '052-135-1288'),
(1822, 'Janie', '3 Thackeray Way', '055-435-4953'),
(1835, 'Frankie', '94 Banding Way', '052-532-8387'),
(1854, 'Neville', '7 Village Green Plaza', '055-333-8132'),
(1874, 'Carey', '062 Haas Way', '050-867-8376'),
(1893, 'Sky', '42839 Del Sol Terrace', '058-510-7870'),
(1903, 'Filberte', '77455 Kedzie Avenue', '055-610-1351'),
(1908, 'Ellswerth', '852 Toban Junction', '051-230-1167'),
(1928, 'Keary', '8718 Nelson Hill', '056-289-4664'),
(1954, 'Alverta', '18919 International Avenue', '052-987-6600'),
(1960, 'Angil', '9881 Merry Trail', '053-770-3128'),
(1963, 'Audy', '9 Artisan Drive', '054-486-5569'),
(1990, 'Liza', '1016 Fuller Hill', '051-541-4107'),
(2000, 'Hernando', '733 Westridge Court', '056-918-5471'),
(2008, 'Rivi', '342 3rd Center', '051-248-7401'),
(2011, 'Jada', '32318 Parkside Terrace', '058-502-1291'),
(2012, 'Robbyn', '55442 Atwood Place', '050-588-5402'),
(2036, 'Herminia', '52161 Swallow Parkway', '055-628-8455'),
(2044, 'Moyna', '080 Sommers Road', '059-298-5427'),
(2100, 'Elfrida', '943 Merchant Road', '059-819-9550'),
(2149, 'Helen', '9907 Main Alley', '059-765-6416'),
(2172, 'Randall', '735 Laurel Center', '051-940-2898'),
(2173, 'Abbye', '56 Kingsford Point', '051-749-0721'),
(2204, 'Lawry', '094 Esker Road', '053-368-5243'),
(2214, 'Britt', '12921 Sullivan Center', '053-305-9446'),
(2218, 'Ingaborg', '339 Pepper Wood Circle', '057-572-1195'),
(2250, 'Angelita', '93 Del Mar Road', '050-574-1163'),
(2254, 'Kata', '638 Commercial Place', '052-991-4989'),
(2266, 'Bern', '1 Corry Circle', '053-428-7922'),
(2281, 'Conrado', '26 Atwood Road', '056-037-2534'),
(2300, 'Jena', '74 Twin Pines Pass', '054-988-8123'),
(2306, 'Zandra', '978 Holy Cross Parkway', '058-215-3767'),
(2311, 'Pete', '516 Messerschmidt Center', '058-355-8046'),
(2343, 'Rania', '8410 Bellgrove Street', '054-819-4842'),
(2368, 'Charmane', '8 Havey Drive', '053-933-8595'),
(2382, 'Tony', '3696 Tomscot Park', '055-507-4245'),
(2388, 'Randa', '052 Corry Avenue', '053-035-2214'),
(2400, 'Celinka', '8 Garrison Place', '054-902-5679'),
(2475, 'Mariette', '7899 Banding Alley', '057-371-9501'),
(2480, 'Andreas', '1 Helena Court', '051-150-7838'),
(2492, 'Carlo', '08984 Sage Street', '059-676-6386'),
(2525, 'Misty', '81 American Plaza', '051-398-3392'),
(2545, 'Aldon', '516 Sutteridge Crossing', '056-841-1442'),
(2562, 'Stefanie', '1375 Elgar Center', '055-066-2726'),
(2567, 'Ida', '395 Fulton Center', '058-261-8549'),
(2575, 'Emmi', '25240 Fremont Avenue', '052-126-7557'),
(2590, 'Zoe', '99803 Londonderry Lane', '056-731-8584'),
(2606, 'Lydia', '749 Dryden Park', '050-890-8373'),
(2608, 'Devon', '56 Golf View Plaza', '053-605-2383'),
(2616, 'Cthrine', '38 Morningstar Pass', '052-670-3372'),
(2626, 'Aleta', '05 Scofield Hill', '057-470-1980'),
(2631, 'Reggis', '788 Welch Court', '059-974-5907'),
(2641, 'Anette', '024 High Crossing Pass', '058-648-4500'),
(2642, 'Mandel', '807 Eliot Park', '056-906-8937'),
(2687, 'Townie', '75961 Lakewood Gardens Alley', '050-731-7768'),
(2692, 'Roselle', '76 Ridgeway Court', '056-382-7845'),
(2696, 'Alvina', '40 Meadow Valley Court', '050-530-6352'),
(2712, 'Abigael', '806 Alpine Parkway', '059-976-9087'),
(2767, 'Dahlia', '50 Continental Park', '057-367-0381'),
(2804, 'Cherianne', '0481 Hanover Plaza', '058-339-6179'),
(2808, 'Scott', '0058 Farmco Street', '056-367-6584'),
(2816, 'Dyann', '00581 Brown Crossing', '051-807-3251'),
(2829, 'Thane', '87 Washington Drive', '055-081-4082'),
(2857, 'Dianne', '58444 Stephen Court', '059-466-4599'),
(2882, 'Frasco', '47526 Novick Pass', '053-537-3814'),
(2897, 'Kelly', '89418 Forest Dale Parkway', '055-498-0625'),
(2966, 'Bobby', '8 Elgar Circle', '058-671-3033'),
(2990, 'Valery', '93 Hollow Ridge Hill', '051-061-7092'),
(3000, 'Margret', '01610 Monterey Trail', '050-989-4456'),
(3014, 'Jeanna', '18 Raven Point', '054-023-2160'),
(3037, 'Morgana', '2 Ilene Terrace', '054-686-7348'),
(3050, 'Norbert', '9980 Valley Edge Lane', '059-819-8826'),
(3052, 'Randolph', '0513 High Crossing Avenue', '056-437-4947'),
(3063, 'Adria', '35628 Onsgard Lane', '053-003-8405'),
(3083, 'Henrik', '2616 Ridge Oak Junction', '055-248-8281'),
(3124, 'Stephana', '18 Lakeland Lane', '053-814-5310'),
(3154, 'Dolores', '833 Graceland Parkway', '054-041-7366'),
(3193, 'Hyacinthia', '1 Thompson Point', '050-081-8432'),
(3231, 'Huntley', '76052 Golden Leaf Drive', '051-849-7144'),
(3264, 'Beatrice', '49390 School Pass', '058-911-4879'),
(3284, 'Errick', '89 Union Court', '057-808-8588'),
(3290, 'Katlin', '1 Ohio Avenue', '056-813-5348'),
(3292, 'Godfry', '90680 Spohn Parkway', '050-229-0155'),
(3293, 'Vanny', '44 Pearson Hill', '051-053-9111'),
(3303, 'Kleon', '09 Kensington Avenue', '058-040-3598'),
(3323, 'Elinor', '0311 Almo Way', '059-231-4928'),
(3335, 'Jenica', '620 Londonderry Hill', '051-614-5991'),
(3337, 'Chrystal', '90 Straubel Lane', '055-319-0500'),
(3393, 'Rowland', '0321 Mandrake Point', '055-968-2201'),
(3408, 'Terra', '9 Farmco Place', '056-875-4124'),
(3427, 'Hally', '77925 Bluejay Crossing', '059-710-3568'),
(3489, 'Beau', '21750 Mcbride Park', '052-087-8533'),
(3555, 'Adaline', '316 Randy Avenue', '054-137-0815'),
(3591, 'Susi', '2241 Mcguire Road', '058-383-4551'),
(3634, 'Linnea', '980 Lawn Circle', '058-234-5548'),
(3650, 'Karlee', '57461 Eastlawn Court', '058-330-0265'),
(3651, 'Sorcha', '5 1st Junction', '052-472-8612'),
(3662, 'Margaretta', '62 Prairie Rose Trail', '059-683-9013'),
(3677, 'Rodney', '62533 Oak Valley Terrace', '055-317-7242'),
(3684, 'Son', '09052 Charing Cross Road', '055-673-8069'),
(3703, 'Keane', '7055 Butterfield Junction', '059-019-6894'),
(3713, 'Janna', '903 Bayside Drive', '053-998-0517'),
(3724, 'Chrissy', '0285 Almo Place', '058-153-0257'),
(3749, 'Elianora', '531 Spohn Circle', '058-286-4332'),
(3750, 'Nicol', '0 Dahle Center', '050-859-1170'),
(3754, 'Phyllida', '003 Namekagon Road', '053-212-4228'),
(3772, 'Ebony', '132 Graceland Trail', '059-362-8456'),
(3788, 'Angel', '97400 Summer Ridge Lane', '052-323-9131'),
(3789, 'Gratiana', '7933 Ludington Parkway', '055-759-3493'),
(3809, 'Clarence', '52 Waywood Drive', '057-724-2913'),
(3819, 'Nataline', '205 Steensland Pass', '050-970-7392'),
(3825, 'Rozamond', '32242 Elgar Place', '050-518-6502'),
(3879, 'Nickey', '1 Jenna Hill', '056-540-5394'),
(3917, 'Larisa', '9 Express Hill', '053-784-1988'),
(3987, 'Reta', '0 Dwight Park', '052-931-5582'),
(4010, 'Annadiane', '06277 Monument Avenue', '053-174-0886'),
(4015, 'Judd', '99 Dakota Alley', '059-203-2673'),
(4030, 'Elfreda', '46 International Alley', '054-975-9577'),
(4034, 'Cristionna', '0213 Algoma Lane', '057-744-6126'),
(4055, 'Candie', '47850 Oak Valley Drive', '055-315-6539'),
(4065, 'Ethel', '032 Roth Trail', '050-022-2108'),
(4079, 'Odetta', '086 Bay Parkway', '054-786-1936'),
(4087, 'Poul', '87771 Sage Point', '050-079-6534'),
(4100, 'Jobie', '1 Hudson Court', '057-358-1506'),
(4107, 'Gamaliel', '5816 Almo Court', '059-939-1259'),
(4120, 'Marika', '8 Shopko Drive', '051-234-7540'),
(4133, 'Merissa', '82 Duke Terrace', '059-096-8417'),
(4134, 'Janina', '9667 Village Trail', '057-631-6188'),
(4180, 'Ruby', '11122 Esker Lane', '056-731-5912'),
(4209, 'Alanna', '0 Brickson Park Point', '052-018-0248'),
(4220, 'Virgie', '98 Kedzie Drive', '053-579-1307'),
(4261, 'Rici', '5 Merrick Plaza', '055-583-4551'),
(4277, 'Fayina', '9040 Dakota Lane', '054-758-7158'),
(4278, 'Kiersten', '1 Mitchell Center', '054-702-6245'),
(4286, 'Val', '09 Kinsman Point', '056-730-6814'),
(4298, 'Gerta', '72 Lake View Alley', '058-520-2162'),
(4306, 'Annice', '584 Annamark Pass', '050-491-8484'),
(4333, 'Rubie', '4 Jana Street', '052-645-0586'),
(4352, 'Cam', '4593 Armistice Pass', '052-000-8209'),
(4448, 'Jeth', '86487 Iowa Center', '055-905-6472'),
(4466, 'Austine', '484 Twin Pines Center', '051-664-2300'),
(4486, 'Kara', '786 Johnson Center', '055-517-8806'),
(4487, 'Hermy', '1 Ridgeview Center', '055-660-7112'),
(4537, 'Agata', '84 North Alley', '052-528-1741'),
(4559, 'Fonz', '174 Fuller Circle', '052-405-0928'),
(4572, 'Chrissie', '0 Mesta Court', '055-133-2479'),
(4585, 'Elizabet', '5785 Farwell Park', '052-925-0477'),
(4586, 'Silva', '08 Ramsey Alley', '058-493-7369'),
(4601, 'Eva', '4 Autumn Leaf Point', '058-310-7740'),
(4618, 'Brnaba', '09206 School Parkway', '055-478-6510'),
(4619, 'Franni', '84201 Hooker Plaza', '055-211-3513'),
(4648, 'Roldan', '6 American Drive', '055-229-8967'),
(4663, 'Teresina', '3140 John Wall Street', '052-672-5186'),
(4664, 'Noll', '83119 North Avenue', '053-769-2416'),
(4669, 'Delilah', '08519 Harbort Crossing', '058-887-8933'),
(4670, 'Mead', '8 Katie Park', '054-331-1748'),
(4696, 'Lisetta', '628 David Court', '059-008-8856'),
(4712, 'Nickola', '2534 Spaight Place', '050-193-4633'),
(4718, 'Prissie', '52359 Village Green Way', '058-827-2311'),
(4722, 'Zebulen', '93 Lindbergh Drive', '055-740-5264'),
(4782, 'Lianna', '232 Stoughton Junction', '055-646-5797'),
(4801, 'Koren', '29269 Paget Trail', '058-600-3676'),
(4838, 'Coleman', '20 Scott Drive', '057-600-7258'),
(4842, 'Jaimie', '8 Norway Maple Junction', '053-884-6363'),
(4861, 'Nehemiah', '982 Upham Place', '057-262-8975'),
(4895, 'Kristi', '6 Hanover Point', '055-452-1228'),
(4984, 'Marylee', '98 Oak Street', '056-405-8890'),
(4987, 'Gary', '941 Utah Court', '051-160-8310'),
(5009, 'Eddy', '7404 Bayside Alley', '051-275-5663'),
(5031, 'Malanie', '279 Columbus Street', '059-738-5191'),
(5036, 'Elle', '021 Atwood Place', '051-839-2827'),
(5113, 'Beckie', '666 Elgar Court', '057-386-5712'),
(5142, 'Pete', '887 Transport Alley', '055-181-5208'),
(5152, 'Jolyn', '0487 Monument Alley', '057-700-2401'),
(5163, 'Jo-ann', '632 Cardinal Pass', '059-748-0483'),
(5225, 'Hugues', '093 7th Road', '050-722-1509'),
(5234, 'Petra', '47394 Ruskin Drive', '051-347-9191'),
(5257, 'Genevieve', '82845 Cardinal Way', '056-508-8772'),
(5309, 'Daren', '3 Shopko Trail', '059-043-5933'),
(5320, 'Maggie', '22514 Beilfuss Circle', '050-623-9979'),
(5336, 'Stanford', '1223 Westerfield Street', '053-919-9060'),
(5349, 'Niki', '3161 Onsgard Plaza', '055-311-8932'),
(5356, 'Alexandrina', '030 Kropf Parkway', '055-419-2277'),
(5364, 'Ahmad', '197 Amoth Road', '051-294-7265'),
(5422, 'Delilah', '9343 Kinsman Plaza', '050-102-8809'),
(5433, 'Scottie', '7223 Mcbride Way', '053-035-6875'),
(5446, 'Gabriella', '08 Darwin Terrace', '052-876-9486'),
(5464, 'Meara', '1097 Carberry Junction', '053-282-4372'),
(5494, 'Goddart', '46 Cody Junction', '057-644-4479'),
(5553, 'Florry', '30 Main Alley', '050-755-6291'),
(5583, 'Kip', '13 Towne Place', '055-167-7443'),
(5734, 'Britta', '346 Marcy Court', '059-707-0120'),
(5754, 'Garfield', '89211 Macpherson Pass', '054-311-6134'),
(5774, 'Terrie', '23218 Rigney Court', '058-112-3714'),
(5795, 'Sunny', '087 Oriole Road', '055-726-3117'),
(5806, 'Ingeborg', '35882 Browning Hill', '051-310-8393'),
(5808, 'Andy', '79644 Fair Oaks Parkway', '050-965-2842'),
(5857, 'Gena', '0314 Linden Alley', '059-700-1964'),
(5895, 'Stephenie', '2 Armistice Trail', '052-532-1428'),
(5904, 'Andrei', '06381 Mayfield Terrace', '051-958-8634'),
(5931, 'Cairistiona', '7 Canary Terrace', '057-057-7318'),
(5948, 'Elnora', '1234 Ilene Street', '057-421-1713'),
(5967, 'Madelon', '23027 Pond Point', '056-576-6396'),
(6007, 'Andras', '29890 Elmside Pass', '059-684-2303'),
(6010, 'Eleni', '68514 Hooker Road', '051-367-2342'),
(6011, 'Jerrold', '7039 Steensland Alley', '054-194-3153'),
(6023, 'Emlynne', '2470 Fremont Center', '059-473-0069'),
(6024, 'Leonanie', '4728 Donald Point', '057-143-3474'),
(6134, 'Steffie', '78 Calypso Pass', '055-566-5404'),
(6137, 'Washington', '448 Toban Park', '055-662-5318'),
(6164, 'Ivie', '46 Emmet Plaza', '051-611-3139'),
(6212, 'Catlin', '185 Kim Street', '054-285-0953'),
(6230, 'Lisabeth', '6 Donald Lane', '058-817-4040'),
(6242, 'Ilene', '14 Prentice Street', '058-101-3046'),
(6256, 'Gabbie', '139 Dahle Crossing', '050-823-6110'),
(6266, 'Nehemiah', '62592 Hanover Avenue', '059-918-1713'),
(6269, 'Sharline', '9 Crownhardt Street', '050-482-2241'),
(6300, 'Marie', '16 Rockefeller Street', '058-611-6547'),
(6305, 'Ileane', '85 8th Avenue', '055-314-5609'),
(6314, 'Rosana', '21 Del Sol Pass', '051-784-2446'),
(6317, 'Mehetabel', '1157 Dawn Parkway', '052-739-8408'),
(6328, 'Dacey', '983 Fallview Road', '057-142-8420'),
(6331, 'Perri', '24593 Stoughton Terrace', '058-222-1095'),
(6348, 'Astra', '8777 Glacier Hill Parkway', '057-243-7266'),
(6354, 'Robb', '92183 Fairview Street', '059-679-8291'),
(6357, 'Leigh', '661 Bay Hill', '056-547-0646'),
(6360, 'Nadeen', '09745 Melrose Way', '055-847-0711'),
(6364, 'Linn', '5 Corben Parkway', '053-415-1275'),
(6398, 'Claudell', '30892 Ridgeview Court', '054-947-7418'),
(6423, 'Henrie', '150 Anderson Center', '053-269-5500'),
(6435, 'Sena', '260 Helena Street', '053-755-1413'),
(6445, 'Lian', '664 Blackbird Junction', '052-551-7290'),
(6456, 'Krystal', '004 Waubesa Street', '059-068-3234'),
(6458, 'Layton', '0 Reindahl Circle', '053-674-2207'),
(6467, 'Karel', '869 Transport Trail', '051-732-8789'),
(6486, 'Dorris', '74497 Burning Wood Avenue', '053-350-2243'),
(6500, 'Ewan', '19167 Holmberg Point', '059-715-5156'),
(6515, 'Yehudi', '93102 Cherokee Hill', '058-718-3240'),
(6524, 'Vidovic', '26 Michigan Circle', '056-840-0105'),
(6526, 'Cathryn', '7898 Orin Circle', '054-691-9607'),
(6532, 'Cornie', '6 Kenwood Avenue', '050-366-4806'),
(6601, 'Kandy', '65247 Petterle Terrace', '056-798-6574'),
(6614, 'Deirdre', '73980 Holy Cross Court', '055-237-5195'),
(6647, 'Martina', '35449 Hallows Circle', '056-578-3954'),
(6650, 'Daryle', '7345 Moulton Point', '058-269-3305'),
(6663, 'Geralda', '84905 Elgar Hill', '050-259-5088'),
(6687, 'Misty', '1379 Crest Line Place', '051-857-3859'),
(6691, 'Aubrey', '109 Messerschmidt Place', '055-587-8948'),
(6692, 'Jase', '57026 Raven Lane', '056-343-0835'),
(6730, 'Shem', '789 Michigan Circle', '051-595-6758'),
(6733, 'Rochette', '50828 Donald Parkway', '059-114-9208'),
(6742, 'Josefa', '1 Manufacturers Place', '053-647-4783'),
(6754, 'Farrell', '2 Holmberg Road', '050-113-7491'),
(6790, 'Manda', '369 Chinook Alley', '058-181-6681'),
(6822, 'Mickie', '136 Pine View Plaza', '057-210-1560'),
(6862, 'Nike', '7 Mifflin Point', '054-814-2331'),
(6898, 'Kath', '13401 Eliot Center', '054-033-5278'),
(6909, 'Cart', '8 Ridge Oak Terrace', '054-794-4615'),
(6971, 'Nadiya', '094 Eastlawn Pass', '057-579-2486'),
(7004, 'Michaela', '68 Clove Lane', '054-716-4927'),
(7041, 'Harv', '37 Gale Circle', '059-266-0074'),
(7051, 'Salomi', '56426 Tony Circle', '057-553-1981'),
(7084, 'Ransom', '14810 Crownhardt Drive', '057-581-5280'),
(7086, 'Travers', '45748 Bowman Court', '053-858-3775'),
(7097, 'Araldo', '93035 Mesta Center', '055-020-3195'),
(7116, 'Dorette', '9511 Barnett Lane', '051-101-4583'),
(7124, 'Jard', '0009 Hagan Plaza', '052-284-6744'),
(7133, 'Melvyn', '0 Banding Point', '057-447-0792'),
(7142, 'Paxton', '115 Hauk Lane', '050-504-2974'),
(7154, 'Bruno', '4 Johnson Circle', '053-584-2374'),
(7157, 'Audi', '94661 East Circle', '054-753-3075'),
(7168, 'Granville', '45819 Fairview Center', '059-026-3637'),
(7189, 'Berkley', '53 Vahlen Center', '056-899-0393'),
(7240, 'Yetty', '4 Vidon Pass', '050-050-3985'),
(7245, 'Susannah', '20569 Maple Wood Road', '057-506-4226'),
(7285, 'Glenda', '24 Stuart Avenue', '051-482-2123'),
(7289, 'Lesley', '30 Emmet Road', '057-293-7092'),
(7301, 'Karel', '2 Anhalt Way', '052-555-3675'),
(7308, 'Joyan', '7685 Dennis Junction', '054-756-1081'),
(7321, 'Vivianne', '09058 Dakota Street', '058-747-4688'),
(7324, 'Lalo', '62 Prairie Rose Street', '050-887-3228'),
(7333, 'Nealon', '2 Southridge Point', '050-601-7068'),
(7339, 'Del', '6964 Declaration Center', '057-061-8262'),
(7388, 'Brent', '8 Dennis Drive', '051-899-0477'),
(7472, 'Susannah', '13 Arizona Center', '051-793-8058'),
(7475, 'Nicholle', '99253 Londonderry Alley', '050-577-4303'),
(7481, 'Aimil', '18 Westerfield Way', '059-532-7804'),
(7496, 'Wynny', '81367 Parkside Court', '053-065-9668'),
(7519, 'Ashleigh', '7129 Barnett Street', '059-166-3157'),
(7528, 'Daphna', '310 Packers Junction', '058-100-2129'),
(7596, 'Delano', '69 Mallory Point', '053-515-6971'),
(7601, 'Melita', '35755 Hallows Road', '058-286-4057'),
(7603, 'Rosalinde', '38162 Londonderry Way', '059-341-2575'),
(7684, 'Tuesday', '7169 Waxwing Pass', '052-885-6130'),
(7699, 'Conchita', '74077 Meadow Vale Way', '054-276-2570'),
(7758, 'Hanan', '48 Marquette Hill', '059-617-8210'),
(7762, 'Neill', '53469 Marcy Center', '056-283-0150'),
(7776, 'Vaughn', '7 Talmadge Hill', '052-477-5886'),
(7785, 'Anatol', '67 Thierer Park', '058-547-8370'),
(7800, 'Christyna', '095 Ridgeway Alley', '057-521-9655'),
(7810, 'Serge', '3 Hudson Circle', '058-395-2788'),
(7884, 'Amalie', '517 Paget Hill', '056-936-4698'),
(7903, 'Tally', '6390 Karstens Trail', '059-681-5082'),
(7956, 'Gerrilee', '8994 Bowman Trail', '050-518-1923'),
(7991, 'Shir', '29 Tennyson Road', '055-165-5698'),
(8019, 'Bert', '77 Oak Parkway', '050-074-1269'),
(8042, 'Davina', '435 Buell Parkway', '051-888-1154'),
(8060, 'Shaylynn', '909 Portage Point', '051-922-0582'),
(8061, 'Ferdinande', '110 Browning Center', '054-103-1296'),
(8065, 'Vivian', '5 Maywood Place', '051-719-6181'),
(8093, 'Lynnette', '676 Melrose Pass', '057-479-4999'),
(8095, 'Engracia', '717 Barby Center', '052-764-2318'),
(8117, 'Tina', '030 Birchwood Center', '054-964-2471'),
(8144, 'Vincents', '48591 Northwestern Trail', '059-967-1127'),
(8155, 'Karrie', '47966 Summit Trail', '054-000-7512'),
(8158, 'Genovera', '2775 Delaware Trail', '054-244-2770'),
(8169, 'Desiree', '2 Bluestem Point', '056-222-0489'),
(8190, 'Jodi', '85959 Schmedeman Way', '056-773-5657'),
(8212, 'Othella', '43 Stuart Way', '052-064-3651'),
(8250, 'Berti', '3677 Butternut Circle', '050-491-6831'),
(8262, 'Anthea', '15514 Bunting Drive', '051-869-5291'),
(8281, 'Lissy', '969 Grayhawk Hill', '052-375-8998'),
(8315, 'Warner', '02659 Summer Ridge Point', '057-026-1061'),
(8343, 'Clem', '181 Scoville Court', '053-592-4635'),
(8348, 'Leila', '39 Mosinee Street', '055-567-5335'),
(8367, 'Hilario', '0163 Pearson Plaza', '050-359-9361'),
(8382, 'Jenilee', '121 Stephen Lane', '058-938-6880'),
(8405, 'Madelina', '30269 Mockingbird Plaza', '058-936-2787'),
(8415, 'Patin', '9479 Thackeray Crossing', '055-448-2301'),
(8432, 'Nona', '5391 Mccormick Way', '056-137-0011'),
(8492, 'Melantha', '021 Roxbury Junction', '058-768-1273'),
(8519, 'Nicky', '453 Farmco Crossing', '052-549-9183'),
(8521, 'Mellie', '68 Fairfield Drive', '057-118-7703'),
(8544, 'Gloriane', '1993 Reindahl Way', '050-542-2023'),
(8570, 'Maggie', '616 Messerschmidt Place', '055-690-7181'),
(8609, 'Goldarina', '5931 8th Alley', '056-333-4444'),
(8629, 'Katrine', '98042 Maple Trail', '059-944-5002'),
(8673, 'Vernice', '6 Pennsylvania Court', '059-778-4043'),
(8685, 'Ali', '34529 Lunder Drive', '056-022-9164'),
(8721, 'Leupold', '7655 Westerfield Crossing', '055-756-3155'),
(8725, 'Pat', '08518 Burrows Parkway', '052-673-8738'),
(8785, 'Sonny', '405 Fairfield Street', '058-410-2617'),
(8792, 'Patrick', '28696 Troy Hill', '053-044-8963'),
(8806, 'Kylie', '528 Katie Drive', '050-733-1806'),
(8808, 'Albie', '867 Chive Place', '058-671-4661'),
(8835, 'Pandora', '55308 Esker Way', '059-995-2773'),
(8836, 'Raynor', '4335 Stone Corner Way', '050-163-3693'),
(8847, 'Reggy', '340 Gerald Drive', '050-074-3929'),
(8848, 'Burl', '10819 Lawn Park', '058-560-1990'),
(8876, 'Ara', '1 Cardinal Way', '050-015-7198'),
(8886, 'Saw', '8 Grasskamp Circle', '055-297-5298'),
(8906, 'Ciel', '079 Ohio Terrace', '057-868-5653'),
(8933, 'Tricia', '7316 Transport Center', '058-939-5189'),
(8942, 'Arther', '42 Granby Pass', '059-574-7195'),
(8949, 'Nanine', '83988 Commercial Center', '050-393-7427'),
(8955, 'Querida', '4 Heffernan Lane', '054-905-0286'),
(8956, 'Katinka', '29 Jenifer Drive', '059-548-8911'),
(8990, 'Oralia', '0039 Arapahoe Parkway', '059-285-0757'),
(8997, 'Kimbra', '402 Sheridan Street', '056-725-4209'),
(9004, 'Robinet', '99 Mccormick Trail', '053-732-2338'),
(9027, 'Erminia', '7 Tennessee Park', '055-116-0285'),
(9082, 'Putnem', '788 Cardinal Avenue', '056-877-2466'),
(9092, 'Waite', '75 Sunfield Alley', '059-524-4342'),
(9127, 'Florry', '641 Waubesa Court', '057-045-1554'),
(9134, 'Agata', '71151 Mayfield Crossing', '056-848-6641'),
(9142, 'Ruprecht', '3333 Nova Crossing', '051-904-4246'),
(9160, 'Pancho', '97 Village Terrace', '058-230-3874'),
(9188, 'Latrena', '8074 Ronald Regan Lane', '057-158-8877'),
(9189, 'Nerty', '5 Spohn Street', '057-670-3089'),
(9213, 'Mirella', '12 Transport Circle', '052-277-7156'),
(9216, 'Madalyn', '1 Mosinee Place', '057-115-5059'),
(9234, 'Ruddie', '7 Mccormick Place', '058-881-2895'),
(9282, 'Saxon', '77 High Crossing Court', '056-218-5719'),
(9299, 'Gabriel', '175 Lunder Circle', '057-659-6635'),
(9318, 'Jacki', '0065 Lakewood Gardens Drive', '059-685-1456'),
(9335, 'Lanny', '13 Erie Road', '058-240-3934'),
(9336, 'Angil', '9050 Daystar Street', '057-434-8950'),
(9377, 'Sharlene', '959 Dunning Circle', '058-692-4159'),
(9382, 'Devonna', '6 Oak Plaza', '053-485-9487'),
(9383, 'Vinson', '42693 Mosinee Avenue', '054-184-3780'),
(9384, 'Hillier', '0 Emmet Park', '054-473-9215'),
(9393, 'Correna', '685 Straubel Alley', '053-038-9690'),
(9394, 'Scarlet', '69337 Parkside Road', '050-640-9003'),
(9409, 'Carmen', '882 Johnson Point', '058-642-4585'),
(9464, 'Annabell', '2 Veith Plaza', '054-264-7993'),
(9480, 'Melly', '516 David Place', '052-218-6373'),
(9501, 'Rodolph', '35446 Glendale Point', '059-124-4273'),
(9526, 'Anne-corinne', '225 Kinsman Pass', '055-012-9364'),
(9527, 'Channa', '0752 Mcguire Plaza', '053-384-7062'),
(9542, 'Harman', '7208 Meadow Ridge Drive', '051-138-8402'),
(9559, 'Simonette', '4004 3rd Trail', '056-187-8865'),
(9563, 'Peterus', '301 Birchwood Plaza', '054-719-9292'),
(9583, 'Ilario', '7 Burning Wood Pass', '050-730-6008'),
(9608, 'Margery', '982 Coleman Court', '058-794-6569'),
(9640, 'Anetta', '8 Barnett Road', '053-865-5664'),
(9687, 'Skipper', '20298 5th Parkway', '056-230-6871'),
(9722, 'Maridel', '1 Scoville Lane', '056-876-6802'),
(9728, 'Inger', '65213 Maple Way', '050-865-9314'),
(9760, 'Rivy', '26 Anthes Place', '059-799-7758'),
(9799, 'Oran', '20263 Coleman Street', '055-969-0316'),
(9867, 'Phil', '01632 Hagan Road', '053-684-8133'),
(9874, 'Gilburt', '71 Anderson Alley', '053-958-4450'),
(9879, 'Alfie', '1 Lakewood Road', '055-607-1797'),
(9899, 'Colline', '822 Ridge Oak Pass', '059-975-4405'),
(9900, 'Nanine', '602 Mccormick Lane', '050-124-7345'),
(9908, 'Grissel', '62 School Street', '055-692-2743'),
(9913, 'Norrie', '664 Sachs Court', '058-977-9146'),
(9914, 'Terrye', '1 Moulton Crossing', '057-614-9216'),
(9926, 'Herbie', '6 Fisk Circle', '054-705-6068'),
(9933, 'Frederic', '6504 Eagle Crest Plaza', '058-419-1626'),
(9959, 'Nolan', '336 8th Junction', '058-936-7688');


--
-- Dumping data for table `worker`
--

INSERT INTO `worker` (`Worker_ID`, `Worker_NAME`) VALUES
(5, 'Eugenie'),
(20, 'Normand'),
(31, 'Meredithe'),
(83, 'Waldo'),
(283, 'Currie'),
(322, 'Wat'),
(397, 'Lombard'),
(435, 'Early'),
(442, 'Carena'),
(579, 'Elinore'),
(590, 'Madison'),
(663, 'Eda'),
(687, 'Alvan'),
(730, 'Carmon'),
(795, 'Federica'),
(881, 'Charis'),
(1047, 'Elyssa'),
(1143, 'Trenton'),
(1193, 'Zelma'),
(1221, 'Ezri'),
(1260, 'Berk'),
(1341, 'Vallie'),
(1395, 'Filide'),
(1426, 'Sadie'),
(1641, 'Atlante'),
(1748, 'Aundrea'),
(1912, 'Rozalie'),
(1965, 'Shandeigh'),
(1968, 'Hobart'),
(2030, 'Rois'),
(2069, 'Gordy'),
(2095, 'Adams'),
(2107, 'Natty'),
(2128, 'Malena'),
(2151, 'Asia'),
(2234, 'Robbie'),
(2349, 'Corey'),
(2381, 'Talia'),
(2408, 'Louella'),
(2470, 'Ange'),
(2478, 'Aluin'),
(2485, 'Joscelin'),
(2504, 'Gayla'),
(2639, 'Tania'),
(2804, 'Gun'),
(2805, 'Kellia'),
(2819, 'Zenia'),
(2840, 'Kenna'),
(2863, 'Birdie'),
(2927, 'Philip'),
(3011, 'Saba'),
(3043, 'Peyter'),
(3051, 'Hinze'),
(3314, 'Guilbert'),
(3341, 'Christina'),
(3431, 'Nissa'),
(3437, 'Jemmy'),
(3530, 'Antonin'),
(3610, 'Magdalene'),
(3812, 'Rheba'),
(3817, 'Vaclav'),
(3966, 'Lawrence'),
(4035, 'Lissie'),
(4095, 'Zachariah'),
(4096, 'Austin'),
(4150, 'Vergil'),
(4204, 'Philis'),
(4233, 'Pris'),
(4362, 'Bradly'),
(4393, 'Lulu'),
(4404, 'Leese'),
(4531, 'Donavon'),
(4615, 'Rebecca'),
(4631, 'Nomi'),
(4654, 'Randy'),
(4674, 'Rikki'),
(4678, 'Janette'),
(4752, 'Jared'),
(4757, 'Lutero'),
(4771, 'Caye'),
(4894, 'Derril'),
(4997, 'Arlie'),
(5121, 'Myra'),
(5198, 'Garold'),
(5210, 'Zelda'),
(5281, 'Leonardo'),
(5530, 'Arman'),
(5686, 'Belita'),
(5754, 'Adelaide'),
(5867, 'Margalo'),
(5959, 'Ava'),
(5972, 'Miran'),
(5980, 'Aguistin'),
(6043, 'Glenn'),
(6176, 'Kile'),
(6250, 'Rollo'),
(6307, 'Ashely'),
(6342, 'Shena'),
(6489, 'Virgie'),
(6554, 'Chrisy'),
(6685, 'Codi'),
(6688, 'Quent'),
(6860, 'Algernon'),
(6902, 'Jefferey'),
(6932, 'Therine'),
(6983, 'Lanni'),
(7015, 'Marie'),
(7039, 'Goldy'),
(7128, 'Linc'),
(7134, 'Dore'),
(7187, 'Katharina'),
(7194, 'Cristen'),
(7360, 'Cicily'),
(7530, 'Wain'),
(7734, 'Gregoor'),
(7763, 'Yehudit'),
(7979, 'Eydie'),
(7986, 'Margarete'),
(8191, 'Alessandro'),
(8198, 'Demetrius'),
(8223, 'Kermy'),
(8376, 'Binky'),
(8467, 'Mimi'),
(8557, 'Alina'),
(8646, 'Basia'),
(8678, 'Alano'),
(8710, 'Francene'),
(8819, 'Bette-ann'),
(8889, 'August'),
(8906, 'Hilliard'),
(9041, 'Bella'),
(9066, 'Tessa'),
(9084, 'Celina'),
(9168, 'Pier'),
(9215, 'Rudolph'),
(9321, 'Myrna'),
(9539, 'Van'),
(9562, 'Bing'),
(9640, 'Kassi'),
(9682, 'Bale'),
(9709, 'May'),
(9733, 'Preston'),
(9788, 'Joby'),
(9840, 'Nanette'),
(9876, 'Rivy'),
(9907, 'Catha'),
(9975, 'Aldus'),
(9985, 'Ethelind');


--
-- Dumping data for table `interest_rate`
--

INSERT INTO `interest_rate` (`Interest_Rate_ID`, `Benefits`, `TYPE`, `Prime`, `Interest`) VALUES
(1, 'Soldier', 'Long-term', 8.34, 5.97),
(2, 'Student', 'Short-term', 9.88, 9.59),
(3, 'Student', 'Short-term', 7.42, 1.97),
(4, 'Long-Term Customer', 'Long-term', 7.70, 1.87),
(5, 'None', 'Short-term', 8.41, 5.80),
(6, 'Long-Term Customer', 'Short-term', 3.58, 8.50),
(7, 'Soldier', 'Short-term', 5.60, 7.07),
(8, 'Student', 'Short-term', 3.00, 8.27),
(9, 'Long-Term Customer', 'Long-term', 9.23, 4.56),
(10, 'Student', 'Long-term', 0.68, 2.00),
(11, 'Soldier', 'Long-term', 1.86, 1.02),
(12, 'Long-Term Customer', 'Long-term', 5.01, 9.21),
(13, 'None', 'Short-term', 5.79, 4.28),
(14, 'None', 'Long-term', 9.59, 8.21),
(15, 'Student', 'Long-term', 3.22, 7.65),
(16, 'Long-Term Customer', 'Long-term', 2.80, 9.32),
(17, 'None', 'Long-term', 9.02, 5.91),
(18, 'None', 'Long-term', 2.44, 3.16),
(19, 'None', 'Short-term', 0.64, 0.33),
(20, 'Long-Term Customer', 'Short-term', 5.02, 7.60),
(21, 'Long-Term Customer', 'Long-term', 9.84, 7.15),
(22, 'Long-Term Customer', 'Long-term', 8.18, 4.19),
(23, 'Soldier', 'Short-term', 9.15, 8.49),
(24, 'None', 'Long-term', 0.68, 2.58),
(25, 'None', 'Long-term', 2.66, 9.17),
(26, 'Student', 'Short-term', 3.60, 3.30),
(27, 'Soldier', 'Short-term', 1.73, 3.40),
(28, 'Student', 'Short-term', 5.11, 1.86),
(29, 'Student', 'Short-term', 4.57, 9.19),
(30, 'Soldier', 'Long-term', 5.89, 1.84),
(31, 'None', 'Short-term', 1.88, 3.61),
(32, 'Student', 'Short-term', 4.34, 6.00),
(33, 'Student', 'Short-term', 5.69, 7.70),
(34, 'None', 'Short-term', 4.56, 2.18),
(35, 'Student', 'Short-term', 8.04, 3.72),
(36, 'Student', 'Short-term', 0.55, 3.83),
(37, 'Long-Term Customer', 'Short-term', 4.51, 9.65),
(38, 'Long-Term Customer', 'Short-term', 4.05, 6.43),
(39, 'Student', 'Short-term', 2.81, 1.86),
(40, 'None', 'Short-term', 5.82, 1.99),
(41, 'Soldier', 'Short-term', 6.88, 6.79),
(42, 'None', 'Short-term', 2.68, 4.39),
(43, 'Long-Term Customer', 'Long-term', 9.55, 8.08),
(44, 'Student', 'Long-term', 1.95, 8.65),
(45, 'Student', 'Long-term', 1.66, 9.76),
(46, 'Long-Term Customer', 'Long-term', 2.02, 8.00),
(47, 'Long-Term Customer', 'Long-term', 6.08, 0.11),
(48, 'Soldier', 'Short-term', 1.33, 5.60),
(49, 'Soldier', 'Long-term', 1.52, 4.69),
(50, 'Long-Term Customer', 'Short-term', 8.38, 3.57),
(51, 'Long-Term Customer', 'Long-term', 3.90, 6.82),
(52, 'Soldier', 'Long-term', 0.31, 6.06),
(53, 'Soldier', 'Short-term', 4.52, 3.70),
(54, 'Soldier', 'Short-term', 1.87, 8.11),
(55, 'None', 'Short-term', 3.99, 8.59),
(56, 'Soldier', 'Long-term', 0.29, 2.28),
(57, 'Soldier', 'Short-term', 2.86, 3.61),
(58, 'Long-Term Customer', 'Short-term', 4.90, 5.65),
(59, 'Student', 'Long-term', 2.44, 7.43),
(60, 'Long-Term Customer', 'Long-term', 4.11, 7.59),
(61, 'Student', 'Long-term', 6.12, 8.23),
(62, 'Soldier', 'Short-term', 3.55, 3.14),
(63, 'None', 'Short-term', 9.55, 7.10),
(64, 'Long-Term Customer', 'Short-term', 5.58, 9.76),
(65, 'None', 'Long-term', 4.64, 8.69),
(66, 'Soldier', 'Short-term', 1.90, 3.36),
(67, 'None', 'Short-term', 9.36, 1.63),
(68, 'Soldier', 'Short-term', 8.70, 1.50),
(69, 'Long-Term Customer', 'Short-term', 9.86, 6.08),
(70, 'Soldier', 'Short-term', 0.28, 9.85),
(71, 'None', 'Short-term', 2.55, 4.22),
(72, 'None', 'Long-term', 6.72, 3.00),
(73, 'Soldier', 'Short-term', 4.83, 9.64),
(74, 'Long-Term Customer', 'Short-term', 6.77, 8.88),
(75, 'Soldier', 'Short-term', 4.14, 5.65),
(76, 'Soldier', 'Long-term', 5.27, 0.33),
(77, 'Soldier', 'Long-term', 3.66, 3.00),
(78, 'Student', 'Long-term', 6.65, 6.04),
(79, 'Soldier', 'Long-term', 6.10, 3.80),
(80, 'None', 'Short-term', 7.06, 0.24),
(81, 'None', 'Short-term', 6.30, 8.42),
(82, 'None', 'Short-term', 8.49, 0.66),
(83, 'None', 'Long-term', 3.37, 3.26),
(84, 'Long-Term Customer', 'Long-term', 0.86, 8.66),
(85, 'Student', 'Short-term', 8.49, 9.05),
(86, 'Student', 'Long-term', 0.06, 2.37),
(87, 'Student', 'Short-term', 0.79, 6.30),
(88, 'Soldier', 'Short-term', 8.11, 0.51),
(89, 'Long-Term Customer', 'Long-term', 5.81, 1.99),
(90, 'Soldier', 'Short-term', 8.52, 5.36),
(91, 'Student', 'Long-term', 3.96, 5.07),
(92, 'None', 'Short-term', 3.32, 5.59),
(93, 'Soldier', 'Short-term', 0.49, 2.39),
(94, 'Student', 'Short-term', 8.41, 0.56),
(95, 'Long-Term Customer', 'Short-term', 6.43, 2.29),
(96, 'Long-Term Customer', 'Long-term', 3.85, 4.59),
(97, 'Student', 'Short-term', 7.73, 3.05),
(98, 'None', 'Long-term', 8.54, 0.89),
(99, 'Student', 'Short-term', 3.05, 1.22),
(100, 'Student', 'Long-term', 7.60, 4.49),
(101, 'Student', 'Short-term', 2.30, 0.13),
(102, 'Long-Term Customer', 'Short-term', 8.67, 7.64),
(103, 'Student', 'Short-term', 9.71, 0.01),
(104, 'Long-Term Customer', 'Long-term', 9.79, 0.35),
(105, 'None', 'Short-term', 9.91, 6.78),
(106, 'None', 'Short-term', 9.07, 9.95),
(107, 'None', 'Short-term', 3.72, 1.46),
(108, 'Student', 'Long-term', 2.68, 5.39),
(109, 'Soldier', 'Long-term', 8.67, 0.60),
(110, 'Student', 'Long-term', 1.42, 2.55),
(111, 'Student', 'Long-term', 8.83, 2.88),
(112, 'Long-Term Customer', 'Short-term', 1.46, 6.53),
(113, 'None', 'Short-term', 0.82, 7.31),
(114, 'Student', 'Long-term', 6.49, 3.54),
(115, 'Long-Term Customer', 'Short-term', 6.86, 9.57),
(116, 'None', 'Long-term', 3.55, 9.71),
(117, 'None', 'Short-term', 6.10, 8.80),
(118, 'Long-Term Customer', 'Long-term', 2.68, 5.17),
(119, 'Student', 'Short-term', 7.28, 1.77),
(120, 'None', 'Short-term', 5.32, 4.40),
(121, 'Soldier', 'Long-term', 9.48, 9.84),
(122, 'Soldier', 'Short-term', 8.94, 6.22),
(123, 'Soldier', 'Long-term', 9.39, 7.53),
(124, 'Soldier', 'Short-term', 6.24, 5.03),
(125, 'Soldier', 'Long-term', 9.86, 1.53),
(126, 'None', 'Short-term', 0.67, 8.73),
(127, 'Student', 'Long-term', 2.89, 3.80),
(128, 'Soldier', 'Long-term', 5.15, 8.06),
(129, 'None', 'Short-term', 7.10, 0.10),
(130, 'None', 'Short-term', 6.26, 6.21),
(131, 'Student', 'Short-term', 7.21, 8.62),
(132, 'Student', 'Short-term', 2.23, 3.71),
(133, 'Soldier', 'Long-term', 1.30, 4.80),
(134, 'Soldier', 'Short-term', 9.25, 9.92),
(135, 'None', 'Long-term', 7.24, 8.22),
(136, 'Soldier', 'Long-term', 0.23, 8.98),
(137, 'None', 'Long-term', 1.35, 3.97),
(138, 'Student', 'Long-term', 1.79, 4.45),
(139, 'Long-Term Customer', 'Short-term', 0.64, 0.51),
(140, 'Long-Term Customer', 'Long-term', 5.90, 3.49),
(141, 'Soldier', 'Short-term', 6.83, 2.64),
(142, 'Soldier', 'Short-term', 6.99, 0.99),
(143, 'Soldier', 'Long-term', 9.11, 2.63),
(144, 'Student', 'Short-term', 3.32, 4.94),
(145, 'Student', 'Short-term', 4.01, 5.70),
(146, 'None', 'Long-term', 7.51, 0.36),
(147, 'Student', 'Short-term', 9.76, 3.14),
(148, 'Long-Term Customer', 'Long-term', 4.91, 2.93),
(149, 'Long-Term Customer', 'Short-term', 9.18, 7.51),
(150, 'Student', 'Long-term', 6.04, 6.95),
(151, 'Long-Term Customer', 'Long-term', 3.76, 5.95),
(152, 'None', 'Short-term', 3.13, 9.59),
(153, 'Student', 'Short-term', 5.86, 2.51),
(154, 'Soldier', 'Long-term', 7.55, 0.01),
(155, 'Long-Term Customer', 'Long-term', 9.18, 8.37),
(156, 'Student', 'Long-term', 6.06, 0.25),
(157, 'Soldier', 'Long-term', 5.83, 0.99),
(158, 'Long-Term Customer', 'Short-term', 8.11, 9.48),
(159, 'Long-Term Customer', 'Short-term', 7.33, 5.75),
(160, 'Student', 'Short-term', 5.46, 9.29),
(161, 'Student', 'Long-term', 5.56, 7.77),
(162, 'Student', 'Long-term', 1.00, 0.62),
(163, 'Soldier', 'Short-term', 6.90, 2.24),
(164, 'Soldier', 'Long-term', 3.74, 1.07),
(165, 'Student', 'Short-term', 2.30, 3.30),
(166, 'None', 'Long-term', 2.22, 6.53),
(167, 'Long-Term Customer', 'Long-term', 7.97, 7.37),
(168, 'Soldier', 'Long-term', 3.03, 1.84),
(169, 'None', 'Short-term', 9.18, 9.82),
(170, 'None', 'Short-term', 9.24, 4.84),
(171, 'None', 'Short-term', 7.84, 1.37),
(172, 'Long-Term Customer', 'Short-term', 6.50, 2.02),
(173, 'Long-Term Customer', 'Short-term', 7.58, 2.81),
(174, 'None', 'Short-term', 1.99, 9.51),
(175, 'Student', 'Long-term', 9.18, 6.08),
(176, 'None', 'Long-term', 4.39, 8.98),
(177, 'None', 'Long-term', 7.13, 7.15),
(178, 'Soldier', 'Short-term', 4.74, 9.12),
(179, 'Student', 'Short-term', 1.85, 0.44),
(180, 'Student', 'Short-term', 7.69, 3.04),
(181, 'Soldier', 'Long-term', 6.88, 9.44),
(182, 'None', 'Short-term', 8.02, 7.57),
(183, 'None', 'Long-term', 3.99, 2.33),
(184, 'Soldier', 'Short-term', 7.01, 1.57),
(185, 'Student', 'Long-term', 3.23, 9.27),
(186, 'Long-Term Customer', 'Long-term', 8.31, 6.84),
(187, 'Long-Term Customer', 'Long-term', 4.66, 2.02),
(188, 'Student', 'Short-term', 7.91, 4.68),
(189, 'Soldier', 'Long-term', 3.68, 2.73),
(190, 'Student', 'Short-term', 5.49, 8.87),
(191, 'Long-Term Customer', 'Long-term', 0.49, 5.73),
(192, 'Student', 'Long-term', 0.82, 2.88),
(193, 'Soldier', 'Short-term', 1.89, 3.26),
(194, 'Long-Term Customer', 'Short-term', 6.86, 7.59),
(195, 'Soldier', 'Long-term', 9.32, 6.35),
(196, 'Long-Term Customer', 'Short-term', 6.67, 1.72),
(197, 'None', 'Short-term', 1.13, 0.56),
(198, 'Soldier', 'Long-term', 2.83, 7.82),
(199, 'Soldier', 'Short-term', 5.78, 2.27),
(200, 'Soldier', 'Long-term', 5.77, 7.04),
(201, 'Student', 'Short-term', 0.03, 8.31),
(202, 'Long-Term Customer', 'Long-term', 8.27, 0.92),
(203, 'Student', 'Short-term', 1.90, 4.99),
(204, 'None', 'Short-term', 7.38, 0.92),
(205, 'Long-Term Customer', 'Long-term', 8.36, 8.61),
(206, 'Long-Term Customer', 'Long-term', 0.04, 7.50),
(207, 'Soldier', 'Short-term', 2.79, 1.00),
(208, 'Student', 'Long-term', 5.46, 9.67),
(209, 'Long-Term Customer', 'Long-term', 4.00, 2.51),
(210, 'None', 'Long-term', 2.85, 7.51),
(211, 'None', 'Long-term', 9.13, 2.13),
(212, 'Student', 'Short-term', 4.67, 8.55),
(213, 'Soldier', 'Short-term', 2.01, 4.31),
(214, 'Long-Term Customer', 'Long-term', 3.17, 3.08),
(215, 'Student', 'Short-term', 6.19, 3.21),
(216, 'Soldier', 'Long-term', 1.14, 7.61),
(217, 'Student', 'Short-term', 7.92, 6.68),
(218, 'Student', 'Short-term', 5.41, 0.93),
(219, 'Soldier', 'Long-term', 3.25, 4.84),
(220, 'Student', 'Long-term', 4.72, 4.38),
(221, 'Soldier', 'Long-term', 1.26, 9.91),
(222, 'None', 'Short-term', 6.66, 3.76),
(223, 'Soldier', 'Short-term', 5.00, 6.79),
(224, 'Soldier', 'Short-term', 2.85, 8.45),
(225, 'Long-Term Customer', 'Long-term', 9.52, 7.38),
(226, 'Soldier', 'Short-term', 6.35, 2.41),
(227, 'None', 'Long-term', 2.51, 9.39),
(228, 'Student', 'Short-term', 9.30, 6.37),
(229, 'Student', 'Short-term', 9.21, 8.59),
(230, 'None', 'Short-term', 6.76, 5.53),
(231, 'Student', 'Short-term', 0.29, 5.48),
(232, 'Student', 'Long-term', 9.00, 1.10),
(233, 'Long-Term Customer', 'Long-term', 8.89, 2.73),
(234, 'Long-Term Customer', 'Short-term', 5.32, 4.29),
(235, 'Student', 'Long-term', 7.57, 8.20),
(236, 'None', 'Short-term', 9.36, 5.49),
(237, 'Soldier', 'Short-term', 1.16, 3.30),
(238, 'Soldier', 'Short-term', 2.88, 5.98),
(239, 'Student', 'Long-term', 0.78, 0.53),
(240, 'Soldier', 'Short-term', 9.58, 4.77),
(241, 'Long-Term Customer', 'Short-term', 6.27, 1.94),
(242, 'Soldier', 'Short-term', 8.20, 0.87),
(243, 'Student', 'Short-term', 0.28, 6.61),
(244, 'Long-Term Customer', 'Short-term', 9.80, 8.12),
(245, 'Soldier', 'Long-term', 0.58, 8.74),
(246, 'Soldier', 'Long-term', 4.85, 9.05),
(247, 'Long-Term Customer', 'Short-term', 5.07, 4.36),
(248, 'Long-Term Customer', 'Long-term', 1.14, 6.78),
(249, 'None', 'Long-term', 1.92, 3.21),
(250, 'Soldier', 'Short-term', 5.22, 2.06),
(251, 'None', 'Short-term', 8.95, 8.93),
(252, 'Soldier', 'Short-term', 1.43, 5.89),
(253, 'Long-Term Customer', 'Long-term', 5.63, 7.87),
(254, 'Long-Term Customer', 'Long-term', 3.15, 0.88),
(255, 'Soldier', 'Short-term', 9.45, 7.89),
(256, 'None', 'Long-term', 0.08, 1.51),
(257, 'Soldier', 'Short-term', 1.60, 7.80),
(258, 'Long-Term Customer', 'Short-term', 3.29, 7.06),
(259, 'Student', 'Short-term', 8.99, 8.37),
(260, 'None', 'Short-term', 1.89, 5.54),
(261, 'Student', 'Short-term', 5.11, 1.20),
(262, 'Long-Term Customer', 'Long-term', 6.18, 8.18),
(263, 'None', 'Long-term', 1.73, 8.09),
(264, 'Student', 'Short-term', 6.39, 7.91),
(265, 'Long-Term Customer', 'Long-term', 5.90, 7.75),
(266, 'Soldier', 'Short-term', 8.22, 0.29),
(267, 'Long-Term Customer', 'Long-term', 8.94, 7.64),
(268, 'None', 'Long-term', 2.05, 4.18),
(269, 'None', 'Short-term', 2.49, 9.42),
(270, 'Student', 'Long-term', 0.73, 1.44),
(271, 'Long-Term Customer', 'Long-term', 2.48, 9.12),
(272, 'None', 'Long-term', 8.07, 1.70),
(273, 'Student', 'Long-term', 6.63, 5.96),
(274, 'Student', 'Short-term', 9.64, 7.51),
(275, 'Long-Term Customer', 'Long-term', 6.53, 2.57),
(276, 'Soldier', 'Short-term', 2.72, 0.31),
(277, 'None', 'Short-term', 7.59, 9.17),
(278, 'None', 'Long-term', 8.16, 1.11),
(279, 'None', 'Short-term', 3.42, 8.00),
(280, 'Soldier', 'Long-term', 8.26, 4.46),
(281, 'Long-Term Customer', 'Short-term', 4.00, 2.77),
(282, 'None', 'Long-term', 3.00, 0.69),
(283, 'Soldier', 'Long-term', 7.70, 0.94),
(284, 'Soldier', 'Short-term', 6.14, 1.28),
(285, 'None', 'Long-term', 9.84, 1.61),
(286, 'Soldier', 'Short-term', 7.33, 0.77),
(287, 'Soldier', 'Short-term', 7.74, 0.76),
(288, 'Soldier', 'Long-term', 4.42, 3.52),
(289, 'Student', 'Short-term', 0.24, 9.08),
(290, 'Soldier', 'Long-term', 0.73, 8.17),
(291, 'Soldier', 'Short-term', 9.30, 9.21),
(292, 'Long-Term Customer', 'Long-term', 4.57, 0.50),
(293, 'Soldier', 'Short-term', 2.87, 7.91),
(294, 'None', 'Long-term', 4.85, 3.75),
(295, 'None', 'Short-term', 5.93, 4.15),
(296, 'None', 'Long-term', 0.99, 8.62),
(297, 'Student', 'Long-term', 5.62, 8.08),
(298, 'None', 'Short-term', 3.37, 0.15),
(299, 'Long-Term Customer', 'Long-term', 1.80, 7.98),
(300, 'Long-Term Customer', 'Short-term', 7.53, 5.16),
(301, 'Student', 'Short-term', 9.98, 5.99),
(302, 'Soldier', 'Long-term', 9.06, 9.38),
(303, 'Long-Term Customer', 'Long-term', 7.22, 9.53),
(304, 'Soldier', 'Short-term', 1.71, 1.53),
(305, 'Long-Term Customer', 'Short-term', 4.85, 2.74),
(306, 'Long-Term Customer', 'Long-term', 1.03, 7.25),
(307, 'Soldier', 'Long-term', 8.35, 4.99),
(308, 'Soldier', 'Short-term', 8.13, 8.79),
(309, 'Student', 'Short-term', 4.93, 5.20),
(310, 'Student', 'Long-term', 9.16, 9.85),
(311, 'Student', 'Long-term', 6.16, 0.64),
(312, 'Student', 'Short-term', 0.93, 4.77),
(313, 'None', 'Short-term', 1.97, 2.36),
(314, 'Soldier', 'Short-term', 1.47, 5.89),
(315, 'None', 'Short-term', 5.10, 8.01),
(316, 'Student', 'Long-term', 9.93, 1.16),
(317, 'Student', 'Long-term', 2.72, 8.50),
(318, 'Soldier', 'Long-term', 5.79, 5.36),
(319, 'None', 'Short-term', 7.03, 0.55),
(320, 'Student', 'Short-term', 7.23, 8.90),
(321, 'None', 'Short-term', 3.50, 7.96),
(322, 'Long-Term Customer', 'Short-term', 8.62, 1.99),
(323, 'Soldier', 'Short-term', 3.99, 9.67),
(324, 'None', 'Short-term', 1.81, 3.60),
(325, 'Student', 'Long-term', 7.74, 8.29),
(326, 'Student', 'Long-term', 1.49, 6.76),
(327, 'Student', 'Short-term', 2.32, 7.40),
(328, 'Long-Term Customer', 'Short-term', 6.72, 6.79),
(329, 'None', 'Long-term', 8.41, 9.77),
(330, 'None', 'Long-term', 2.59, 5.06),
(331, 'None', 'Long-term', 6.39, 3.57),
(332, 'Soldier', 'Long-term', 2.85, 1.67),
(333, 'None', 'Long-term', 3.66, 2.37),
(334, 'Soldier', 'Short-term', 0.90, 5.32),
(335, 'Student', 'Long-term', 8.13, 3.93),
(336, 'Soldier', 'Long-term', 2.10, 2.65),
(337, 'Soldier', 'Short-term', 1.00, 5.02),
(338, 'Student', 'Long-term', 6.87, 4.18),
(339, 'Soldier', 'Short-term', 4.41, 4.69),
(340, 'Long-Term Customer', 'Short-term', 2.00, 5.44),
(341, 'Long-Term Customer', 'Long-term', 6.51, 9.56),
(342, 'None', 'Long-term', 4.74, 3.71),
(343, 'None', 'Long-term', 5.05, 7.87),
(344, 'Student', 'Long-term', 7.31, 0.60),
(345, 'Student', 'Long-term', 0.61, 1.03),
(346, 'Long-Term Customer', 'Long-term', 0.52, 5.19),
(347, 'None', 'Long-term', 2.72, 1.27),
(348, 'Soldier', 'Long-term', 1.61, 4.50),
(349, 'Soldier', 'Short-term', 6.28, 1.36),
(350, 'Soldier', 'Short-term', 9.02, 1.42),
(351, 'Student', 'Long-term', 3.61, 8.28),
(352, 'Long-Term Customer', 'Long-term', 1.29, 8.16),
(353, 'None', 'Long-term', 0.12, 3.02),
(354, 'Long-Term Customer', 'Short-term', 5.24, 8.13),
(355, 'Long-Term Customer', 'Short-term', 5.13, 6.13),
(356, 'None', 'Short-term', 4.29, 7.41),
(357, 'Soldier', 'Short-term', 2.67, 6.56),
(358, 'Soldier', 'Short-term', 8.93, 8.98),
(359, 'None', 'Short-term', 0.49, 3.07),
(360, 'Student', 'Long-term', 6.74, 5.43),
(361, 'Soldier', 'Short-term', 0.60, 1.39),
(362, 'None', 'Short-term', 9.77, 9.51),
(363, 'Student', 'Long-term', 2.97, 4.34),
(364, 'Long-Term Customer', 'Long-term', 2.31, 0.94),
(365, 'Long-Term Customer', 'Short-term', 4.14, 6.18),
(366, 'Student', 'Short-term', 2.32, 0.67),
(367, 'None', 'Short-term', 4.16, 8.94),
(368, 'Soldier', 'Short-term', 2.40, 7.57),
(369, 'Student', 'Short-term', 8.73, 1.62),
(370, 'Student', 'Long-term', 7.54, 3.01),
(371, 'Soldier', 'Long-term', 1.38, 0.01),
(372, 'Long-Term Customer', 'Short-term', 3.13, 7.16),
(373, 'Student', 'Short-term', 5.33, 5.73),
(374, 'Soldier', 'Short-term', 2.05, 7.43),
(375, 'Long-Term Customer', 'Long-term', 7.32, 9.29),
(376, 'None', 'Short-term', 1.53, 6.20),
(377, 'Student', 'Long-term', 2.11, 9.90),
(378, 'Soldier', 'Short-term', 2.53, 6.57),
(379, 'Long-Term Customer', 'Short-term', 2.32, 0.14),
(380, 'Student', 'Long-term', 9.92, 2.91),
(381, 'Long-Term Customer', 'Long-term', 6.55, 6.23),
(382, 'Long-Term Customer', 'Short-term', 7.75, 2.83),
(383, 'Soldier', 'Long-term', 3.68, 3.46),
(384, 'Student', 'Long-term', 0.46, 6.55),
(385, 'Soldier', 'Long-term', 5.57, 8.56),
(386, 'Long-Term Customer', 'Short-term', 1.84, 5.03),
(387, 'Soldier', 'Long-term', 6.80, 9.68),
(388, 'None', 'Long-term', 8.87, 0.35),
(389, 'None', 'Short-term', 9.85, 9.37),
(390, 'Long-Term Customer', 'Short-term', 5.28, 5.78),
(391, 'Student', 'Long-term', 0.15, 7.29),
(392, 'Soldier', 'Long-term', 6.93, 9.38),
(393, 'Long-Term Customer', 'Long-term', 0.58, 7.89),
(394, 'Student', 'Long-term', 4.92, 5.20),
(395, 'None', 'Long-term', 0.64, 7.02),
(396, 'Soldier', 'Short-term', 4.17, 5.59),
(397, 'None', 'Short-term', 3.52, 2.89),
(398, 'None', 'Short-term', 2.92, 7.81),
(399, 'None', 'Long-term', 8.13, 4.84),
(400, 'None', 'Long-term', 3.51, 7.96),
(401, 'Soldier', 'Short-term', 5.23, 7.53),
(402, 'Student', 'Long-term', 8.96, 3.33),
(403, 'Soldier', 'Short-term', 9.32, 7.89),
(404, 'Long-Term Customer', 'Long-term', 2.83, 9.72),
(405, 'Soldier', 'Long-term', 5.45, 7.81),
(406, 'Student', 'Long-term', 9.64, 1.45),
(407, 'None', 'Long-term', 3.53, 2.94),
(408, 'Long-Term Customer', 'Short-term', 7.08, 3.86),
(409, 'Long-Term Customer', 'Short-term', 7.78, 6.48),
(410, 'None', 'Long-term', 1.54, 4.71),
(411, 'Soldier', 'Short-term', 6.61, 9.30),
(412, 'None', 'Short-term', 7.07, 8.90),
(413, 'Long-Term Customer', 'Long-term', 7.21, 4.56),
(414, 'Soldier', 'Long-term', 9.79, 2.51),
(415, 'None', 'Short-term', 0.93, 4.85),
(416, 'Soldier', 'Short-term', 9.42, 1.61),
(417, 'Student', 'Short-term', 0.89, 5.29),
(418, 'None', 'Short-term', 2.91, 7.24),
(419, 'None', 'Long-term', 6.66, 4.52),
(420, 'Student', 'Long-term', 4.15, 2.57),
(421, 'Long-Term Customer', 'Short-term', 0.78, 7.76),
(422, 'None', 'Long-term', 7.93, 7.80),
(423, 'Long-Term Customer', 'Short-term', 1.08, 4.75),
(424, 'None', 'Long-term', 9.33, 0.56),
(425, 'Soldier', 'Long-term', 1.82, 0.14),
(426, 'Soldier', 'Long-term', 4.47, 6.34),
(427, 'Soldier', 'Short-term', 0.89, 8.03),
(428, 'None', 'Short-term', 2.34, 8.52),
(429, 'Long-Term Customer', 'Short-term', 9.42, 0.07),
(430, 'Soldier', 'Long-term', 9.32, 3.14),
(431, 'None', 'Long-term', 8.47, 1.15),
(432, 'Soldier', 'Short-term', 5.70, 8.35),
(433, 'Soldier', 'Short-term', 8.64, 2.48),
(434, 'Student', 'Short-term', 5.84, 1.76),
(435, 'Long-Term Customer', 'Long-term', 2.32, 7.35),
(436, 'Soldier', 'Long-term', 9.70, 2.17),
(437, 'None', 'Short-term', 8.93, 4.68),
(438, 'Long-Term Customer', 'Long-term', 4.34, 4.61),
(439, 'None', 'Short-term', 6.61, 9.77),
(440, 'Soldier', 'Long-term', 5.71, 6.32),
(441, 'Soldier', 'Short-term', 5.76, 5.00),
(442, 'Soldier', 'Long-term', 4.78, 6.26),
(443, 'None', 'Long-term', 8.10, 5.38),
(444, 'Soldier', 'Short-term', 6.77, 7.96),
(445, 'None', 'Short-term', 1.04, 3.25),
(446, 'Student', 'Long-term', 2.71, 5.89),
(447, 'None', 'Long-term', 4.61, 9.29),
(448, 'Soldier', 'Long-term', 7.45, 1.79),
(449, 'None', 'Short-term', 1.76, 5.66),
(450, 'Soldier', 'Short-term', 2.62, 1.58),
(451, 'Soldier', 'Long-term', 9.06, 1.41),
(452, 'Soldier', 'Short-term', 0.34, 0.07),
(453, 'Soldier', 'Short-term', 7.14, 0.42),
(454, 'None', 'Long-term', 2.96, 0.97),
(455, 'None', 'Short-term', 6.01, 1.37),
(456, 'Soldier', 'Long-term', 4.70, 2.43),
(457, 'None', 'Short-term', 6.94, 4.51),
(458, 'Student', 'Short-term', 5.54, 9.93),
(459, 'None', 'Long-term', 2.55, 1.01),
(460, 'Long-Term Customer', 'Short-term', 8.80, 9.93),
(461, 'Soldier', 'Long-term', 1.27, 9.95),
(462, 'Student', 'Short-term', 8.70, 0.90),
(463, 'Soldier', 'Short-term', 2.37, 7.13),
(464, 'Long-Term Customer', 'Long-term', 7.05, 8.44),
(465, 'Student', 'Long-term', 6.67, 3.57),
(466, 'Student', 'Short-term', 5.38, 8.03),
(467, 'Long-Term Customer', 'Long-term', 2.43, 7.99),
(468, 'Soldier', 'Long-term', 1.17, 9.03),
(469, 'Student', 'Long-term', 9.05, 2.72),
(470, 'Long-Term Customer', 'Short-term', 8.52, 9.83),
(471, 'Student', 'Short-term', 4.24, 6.45),
(472, 'Long-Term Customer', 'Long-term', 7.79, 3.81),
(473, 'Long-Term Customer', 'Short-term', 8.03, 8.11),
(474, 'Long-Term Customer', 'Long-term', 6.61, 3.16),
(475, 'Long-Term Customer', 'Long-term', 3.81, 7.36),
(476, 'Long-Term Customer', 'Short-term', 8.89, 6.08),
(477, 'None', 'Long-term', 7.12, 1.89),
(478, 'Student', 'Short-term', 8.71, 9.97),
(479, 'Long-Term Customer', 'Long-term', 4.80, 7.79),
(480, 'Long-Term Customer', 'Long-term', 3.13, 2.30),
(481, 'Student', 'Short-term', 8.11, 2.60),
(482, 'None', 'Long-term', 1.88, 0.60),
(483, 'Long-Term Customer', 'Long-term', 7.56, 9.32),
(484, 'None', 'Long-term', 6.12, 5.50),
(485, 'Soldier', 'Long-term', 4.61, 6.84),
(486, 'Student', 'Short-term', 5.53, 1.53),
(487, 'Long-Term Customer', 'Short-term', 7.94, 5.47),
(488, 'Student', 'Long-term', 3.82, 5.43),
(489, 'Long-Term Customer', 'Long-term', 8.18, 3.55),
(490, 'Student', 'Long-term', 4.55, 8.86),
(491, 'None', 'Long-term', 2.59, 8.94),
(492, 'Long-Term Customer', 'Long-term', 7.73, 4.59),
(493, 'None', 'Short-term', 3.33, 0.99),
(494, 'Soldier', 'Long-term', 6.53, 2.48),
(495, 'Student', 'Short-term', 1.33, 7.93),
(496, 'Long-Term Customer', 'Long-term', 7.47, 4.32),
(497, 'Student', 'Long-term', 9.84, 2.68),
(498, 'Student', 'Long-term', 2.18, 2.96),
(499, 'Soldier', 'Short-term', 4.84, 7.47),
(500, 'Student', 'Long-term', 4.18, 4.41);

--
-- Dumping data for table `deposit`
--

INSERT INTO `deposit` (`Deposit_ID`, `Deposit_Date`, `Amount`, `Account_Number`, `Interest_Rate_ID`, `Bank_ID`, `Worker_ID`) VALUES
(2, '1930-02-04', 25888.00, 183, 153, 2008, 2069),
(3, '1947-01-14', 15449.00, 216, 168, 8315, 322),
(5, '1926-01-11', 80373.00, 204, 93, 9282, 9682),
(7, '1935-12-09', 82554.00, 460, 162, 9583, 8557),
(9, '2002-01-01', 24937.00, 316, 382, 5464, 8198),
(12, '1999-02-28', 41035.00, 154, 142, 9394, 4035),
(15, '2007-02-08', 25364.00, 356, 34, 7157, 730),
(16, '2024-01-01', 67046.00, 19, 183, 8060, 5198),
(17, '2003-03-13', 56078.00, 157, 171, 8956, 3341),
(19, '1988-02-23', 40186.00, 31, 26, 1513, 3812),
(21, '1949-10-12', 54572.00, 200, 462, 1513, 9876),
(22, '1909-03-19', 25848.00, 325, 76, 2300, 795),
(27, '2001-12-30', 63909.00, 428, 455, 4065, 663),
(28, '1958-03-16', 87595.00, 71, 27, 7528, 7763),
(31, '2010-12-11', 81501.00, 402, 183, 4801, 4771),
(34, '1946-02-20', 35393.00, 198, 474, 1789, 8889),
(35, '1949-08-13', 21381.00, 22, 36, 4298, 8646),
(36, '1934-07-10', 43790.00, 247, 89, 4619, 9985),
(37, '1939-11-13', 9441.00, 386, 24, 743, 2504),
(40, '2013-05-10', 10048.00, 316, 199, 5464, 1047),
(43, '1958-10-16', 182.00, 495, 214, 2173, 2804),
(44, '1938-08-24', 83945.00, 405, 242, 1321, 2128),
(45, '1963-12-05', 51642.00, 481, 184, 7810, 8646),
(48, '1903-05-10', 36376.00, 303, 407, 4087, 2485),
(52, '1928-10-29', 34041.00, 472, 276, 9004, 4997),
(56, '1972-04-09', 4553.00, 209, 480, 8158, 8906),
(57, '1964-08-28', 43400.00, 474, 199, 5904, 881),
(59, '1936-11-24', 15224.00, 465, 474, 171, 663),
(61, '1950-05-09', 87966.00, 348, 249, 9559, 2639),
(62, '1964-10-27', 73713.00, 230, 369, 4261, 1341),
(63, '2019-01-18', 13851.00, 171, 27, 6364, 9788),
(64, '2021-01-25', 62505.00, 152, 53, 2475, 7360),
(67, '1937-05-16', 90814.00, 47, 26, 3335, 4654),
(68, '1900-12-13', 38065.00, 356, 40, 7157, 4771),
(69, '1973-05-21', 10786.00, 126, 241, 4618, 3437),
(72, '1914-08-12', 33401.00, 389, 316, 8876, 5686),
(77, '2024-01-01', 33100.00, 120, 86, 4120, 2805),
(78, '1980-06-18', 4749.00, 445, 450, 7097, 4615),
(82, '1971-05-28', 6733.00, 447, 35, 6524, 7530),
(84, '1981-07-23', 32756.00, 446, 454, 5494, 9788),
(85, '1947-09-10', 79435.00, 67, 456, 9913, 2349),
(86, '1960-12-02', 39105.00, 198, 407, 1789, 7134),
(88, '2008-07-18', 67761.00, 281, 322, 5031, 5530),
(89, '1962-05-13', 89886.00, 228, 347, 1093, 5972),
(93, '1920-08-13', 16556.00, 61, 4, 934, 3610),
(95, '2010-12-25', 16122.00, 494, 211, 2897, 6307),
(98, '1991-03-20', 93648.00, 184, 67, 4712, 2840),
(100, '1904-08-13', 24032.00, 423, 209, 265, 2107),
(101, '1963-04-05', 87704.00, 53, 364, 6687, 1641),
(102, '2001-09-14', 17747.00, 224, 494, 8405, 20),
(107, '1908-08-05', 57054.00, 137, 202, 8956, 8191),
(108, '1929-06-01', 37593.00, 435, 129, 2254, 2128),
(109, '1975-01-30', 90579.00, 156, 313, 1513, 31),
(116, '1969-01-28', 81355.00, 41, 498, 9189, 9066),
(117, '1988-03-02', 2604.00, 219, 250, 4466, 4404),
(118, '2004-05-09', 38264.00, 69, 350, 6134, 1426),
(121, '1974-04-02', 9195.00, 65, 481, 2804, 3812),
(123, '1931-03-25', 29994.00, 337, 480, 2966, 5530),
(125, '2024-11-24', 81979.00, 249, 239, 754, 9215),
(127, '1941-12-23', 94348.00, 297, 433, 1317, 435),
(130, '2024-03-05', 77697.00, 134, 287, 3000, 4771),
(134, '1959-11-02', 40924.00, 379, 335, 2712, 5980),
(138, '1910-01-22', 1659.00, 266, 294, 3050, 397),
(141, '1932-11-18', 69362.00, 243, 89, 4079, 2408),
(144, '1931-12-08', 29831.00, 438, 270, 877, 8376),
(145, '2013-05-16', 50780.00, 186, 369, 4801, 9321),
(147, '1920-05-22', 91359.00, 406, 250, 3335, 2381),
(149, '1920-04-19', 13407.00, 128, 171, 9501, 7979),
(152, '2011-10-25', 34052.00, 61, 272, 934, 7530),
(155, '1995-12-25', 69539.00, 130, 241, 7810, 1968),
(160, '1978-10-02', 60026.00, 165, 276, 7142, 20),
(161, '1927-07-21', 74550.00, 271, 420, 4618, 4531),
(163, '2008-12-15', 30232.00, 384, 31, 4298, 83),
(164, '1979-08-14', 95853.00, 398, 347, 2388, 6342),
(166, '1903-10-15', 72835.00, 454, 50, 9393, 2470),
(173, '1917-11-21', 46538.00, 15, 433, 4055, 8223),
(175, '2014-09-13', 15681.00, 179, 452, 5806, 1260),
(178, '2021-11-20', 4014.00, 221, 425, 719, 7986),
(186, '1982-04-12', 25694.00, 398, 233, 2388, 4362),
(188, '1982-07-28', 28412.00, 104, 311, 3788, 1221),
(191, '1942-08-28', 20112.00, 140, 489, 1721, 7128),
(192, '1937-02-24', 16436.00, 389, 204, 8876, 5867),
(196, '1912-11-21', 88880.00, 480, 379, 1954, 4096),
(198, '1927-03-23', 52653.00, 383, 27, 9383, 5281),
(206, '1968-02-03', 89082.00, 399, 406, 270, 4757),
(208, '1916-11-12', 55060.00, 5, 455, 1990, 1395),
(212, '2019-10-09', 70753.00, 228, 163, 1093, 9084),
(216, '1993-06-27', 73365.00, 206, 35, 2475, 322),
(220, '1916-02-29', 36128.00, 341, 333, 2616, 8710),
(223, '1921-08-06', 96545.00, 205, 140, 9409, 442),
(226, '1974-07-04', 77134.00, 125, 184, 2816, 1748),
(230, '1936-05-09', 68906.00, 343, 452, 6300, 3043),
(231, '1937-04-12', 66750.00, 210, 94, 9867, 5754),
(238, '2009-03-28', 62232.00, 169, 30, 7086, 9562),
(240, '1900-10-03', 62501.00, 75, 187, 3662, 6554),
(246, '2014-01-23', 60515.00, 151, 322, 2311, 8467),
(247, '1960-02-02', 67719.00, 270, 239, 6650, 4393),
(249, '1946-02-23', 64012.00, 343, 451, 6300, 4095),
(264, '2004-02-05', 46226.00, 244, 192, 793, 6902),
(268, '1930-11-17', 2146.00, 305, 35, 925, 9084),
(269, '2006-04-28', 80180.00, 140, 331, 1721, 9168),
(270, '2002-05-10', 67290.00, 438, 353, 877, 687),
(271, '1942-11-24', 57991.00, 418, 430, 1646, 6685),
(275, '1933-01-30', 43267.00, 428, 481, 4065, 9975),
(276, '1947-08-16', 23798.00, 346, 104, 8432, 283),
(283, '2016-09-08', 22357.00, 355, 76, 2011, 7194),
(286, '1955-09-23', 92791.00, 385, 388, 3293, 7015),
(289, '1945-03-28', 14293.00, 288, 207, 4448, 4204),
(290, '1973-03-06', 69022.00, 379, 322, 2712, 6176),
(293, '1953-03-19', 87341.00, 206, 172, 2475, 3530),
(294, '1920-02-02', 62148.00, 472, 67, 9004, 2639),
(295, '1950-09-30', 21780.00, 139, 86, 9384, 1193),
(299, '2020-02-15', 87370.00, 471, 366, 8042, 9840),
(301, '1990-10-18', 30889.00, 339, 109, 3193, 3966),
(302, '1960-03-22', 69997.00, 168, 287, 9082, 4233),
(303, '1965-12-20', 66240.00, 321, 445, 9394, 5210),
(311, '2021-11-01', 95864.00, 462, 237, 8955, 5972),
(312, '1994-03-24', 62301.00, 153, 101, 6328, 6860),
(314, '1949-02-28', 1157.00, 493, 139, 1669, 9640),
(317, '2005-07-24', 24652.00, 466, 402, 4209, 8678),
(326, '1936-05-30', 76318.00, 161, 88, 6348, 4752),
(327, '2024-01-01', 1271.00, 19, 173, 8060, 9907),
(332, '1916-05-18', 10248.00, 451, 34, 2306, 4771),
(337, '1965-11-12', 82361.00, 101, 313, 4134, 6489),
(339, '1917-09-14', 94026.00, 392, 72, 8190, 6043),
(340, '1957-05-30', 22683.00, 411, 36, 3050, 4631),
(345, '1923-01-20', 57049.00, 382, 494, 5422, 7039),
(349, '1994-04-30', 85454.00, 60, 250, 62, 9733),
(351, '2011-09-22', 68461.00, 459, 397, 1188, 2234),
(352, '2008-07-16', 55557.00, 217, 93, 3124, 9041),
(353, '1934-01-13', 450.00, 234, 72, 4034, 579),
(357, '1976-05-23', 81183.00, 469, 172, 8521, 663),
(358, '1984-06-24', 1476.00, 393, 31, 4180, 4150),
(365, '2008-02-08', 15632.00, 486, 39, 4448, 9709),
(366, '2008-02-28', 58660.00, 479, 226, 65, 7734),
(367, '1963-01-02', 26429.00, 246, 184, 9409, 5),
(368, '2009-02-22', 44859.00, 228, 26, 1093, 4894),
(369, '1963-09-14', 48979.00, 157, 95, 8956, 2151),
(371, '2005-03-22', 4709.00, 186, 172, 4801, 1641),
(372, '1999-06-19', 54098.00, 433, 98, 1908, 2819),
(383, '1973-12-03', 6768.00, 182, 101, 1513, 1912),
(386, '1900-11-11', 18447.00, 383, 4, 9383, 2927),
(389, '1925-05-09', 3035.00, 7, 156, 6, 8678),
(392, '1905-03-11', 70134.00, 312, 469, 5309, 9539),
(393, '1968-04-12', 89131.00, 37, 480, 4352, 3011),
(394, '2013-02-19', 11495.00, 17, 53, 5234, 2151),
(395, '1971-09-27', 83126.00, 410, 35, 9542, 3431),
(400, '1931-08-04', 1851.00, 166, 209, 1721, 4678),
(411, '1980-08-04', 8923.00, 207, 132, 9377, 2030),
(421, '2024-01-01', 66937.00, 378, 335, 2829, 1965),
(423, '1904-01-08', 1943.00, 209, 497, 8158, 20),
(428, '1971-01-27', 74577.00, 413, 369, 6526, 4894),
(432, '1927-09-13', 57898.00, 186, 383, 4801, 2863),
(435, '1994-03-13', 54110.00, 117, 335, 1789, 6688),
(437, '2003-03-02', 91670.00, 88, 450, 57, 3817),
(444, '2011-04-09', 2438.00, 470, 319, 3703, 9975),
(448, '1918-04-15', 43713.00, 65, 232, 2804, 590),
(450, '1908-02-18', 64504.00, 400, 153, 9908, 3437),
(454, '1911-08-14', 22583.00, 306, 284, 5036, 3314),
(457, '1948-02-07', 37985.00, 212, 153, 270, 6932),
(459, '1953-08-20', 61918.00, 321, 430, 9394, 6250),
(463, '1942-03-17', 22311.00, 467, 480, 7333, 3051),
(469, '2024-01-01', 1969.00, 120, 448, 4120, 5121),
(470, '1977-10-25', 89348.00, 337, 278, 2966, 8819),
(473, '1981-10-18', 45077.00, 359, 256, 2306, 6983),
(479, '1954-03-30', 86208.00, 400, 402, 9908, 2095),
(481, '1942-04-07', 69742.00, 301, 218, 5895, 1143),
(483, '2023-09-26', 30219.00, 212, 165, 270, 2504),
(484, '1909-02-28', 62530.00, 171, 157, 6364, 4674),
(486, '1992-02-27', 96465.00, 266, 493, 3050, 2478),
(488, '1924-03-26', 55597.00, 140, 239, 1721, 2863),
(489, '1967-10-19', 94766.00, 75, 406, 3662, 2485),
(490, '1980-06-20', 60952.00, 59, 19, 3772, 3051),
(492, '1947-04-16', 98663.00, 321, 331, 9394, 5959),
(495, '1958-09-21', 19748.00, 148, 433, 6486, 6688),
(500, '1963-02-07', 32902.00, 365, 129, 1372, 7187);
